"id","title","price","audit_status","audit_reason","link"
"1621197648","2 kapaklı dolap
","350 TL","safe",,"https://www.letgo.com/item/2-kapakl-dolap-iid-1621197648"
"1705413847","uzun dolap
","350 TL","safe",,"https://www.letgo.com/item/uzun-dolap-iid-1705413847"
"1723762448","ücretsiz koltuk takımı
","1 TL","safe",,"https://www.letgo.com/item/ucretsiz-koltuk-takm-iid-1723762448"
"1723725943","koltuk takımı
","1 TL","safe",,"https://www.letgo.com/item/koltuk-takm-iid-1723725943"
"1716184649","KOLTUK TAKIMI TAMİRİ YAPİLİR
","111 TL","safe",,"https://www.letgo.com/item/koltuk-takimi-tamiri-yapilir-iid-1716184649"
"1723716408","Koltuk Takımı (Maxi)
","100 TL","safe",,"https://www.letgo.com/item/koltuk-takm-maxi-iid-1723716408"
"1719887859","koltuk takımı
","1 TL","safe",,"https://www.letgo.com/item/koltuk-takm-iid-1719887859"
"1723983060","ÜCRETSİZ KOLTUK TAKIMI 2 GÜN GEÇERLİ
","1 TL","safe",,"https://www.letgo.com/item/ucretsiz-koltuk-takimi-2-gun-gecerli-iid-1723983060"
"1720843146","koltuk takımı
","500 TL","safe",,"https://www.letgo.com/item/koltuk-takm-iid-1720843146"
"1720142601","koltuk takımı
","500 TL","safe",,"https://www.letgo.com/item/koltuk-takm-iid-1720142601"
"1723697163","ücretsiz koltuk takımı 3+2 enza home
","1 TL","safe",,"https://www.letgo.com/item/ucretsiz-koltuk-takm-32-enza-home-iid-1723697163"
"1666097840","Koltuk takımı
","250 TL","safe",,"https://www.letgo.com/item/koltuk-takm-iid-1666097840"
"1679529629","Buzdolabı Düzenleyici
","450 TL","safe",,"https://www.letgo.com/item/buzdolab-duzenleyici-iid-1679529629"
"1723764233","vestel buzdolabı yedek parça
","99 TL","safe",,"https://www.letgo.com/item/vestel-buzdolab-yedek-parca-iid-1723764233"
"1724000736","2li yatak bazası
","500 TL","safe",,"https://www.letgo.com/item/2li-yatak-bazas-iid-1724000736"
"1710580150","yatak başlığı baza başlığı 160 lik yatak baza başlığı
","400 TL","safe",,"https://www.letgo.com/item/yatak-baslg-baza-baslg-160-lik-yatak-baza-baslg-iid-1710580150"
"1721724393","yatak+baza
","500 TL","safe",,"https://www.letgo.com/item/yatakbaza-iid-1721724393"
"1722247031","Baza yatak tekli ücretsiz
","1 TL","safe",,"https://www.letgo.com/item/baza-yatak-tekli-ucretsiz-iid-1722247031"
"1718064451","Ücretsiz çift kişilik yatak
","1 TL","safe",,"https://www.letgo.com/item/ucretsiz-cift-kisilik-yatak-iid-1718064451"
"1721327759","BAZA YATAK
","500 TL","safe",,"https://www.letgo.com/item/baza-yatak-iid-1721327759"
"1723379310","ücretsiz yatak baza dolap eşya
","500 TL","safe",,"https://www.letgo.com/item/ucretsiz-yatak-baza-dolap-esya-iid-1723379310"
"1701348122","yatak+baza+yatak başı
","500 TL","safe",,"https://www.letgo.com/item/yatakbazayatak-bas-iid-1701348122"
"1722073974","Bosch Çamaşır Makinesi
","500 TL","safe",,"https://www.letgo.com/item/bosch-camasr-makinesi-iid-1722073974"
"1703230263","bosch çamaşır makinesi program cihazı
","500 TL","safe",,"https://www.letgo.com/item/bosch-camasr-makinesi-program-cihaz-iid-1703230263"
"1724013166","Çamaşır makinesi tamir
","500 TL","safe",,"https://www.letgo.com/item/camasr-makinesi-tamir-iid-1724013166"
"1714987146","Bosch Çamaşır Makinesi
","500 TL","safe",,"https://www.letgo.com/item/bosch-camasr-makinesi-iid-1714987146"
"1723683550","Bedava
","1 TL","safe",,"https://www.letgo.com/item/bedava-iid-1723683550"
"1721322712","perde
","200 TL","safe",,"https://www.letgo.com/item/perde-iid-1721322712"
"1710835001","güneşlik-tül stor perde
","125 TL","safe",,"https://www.letgo.com/item/guneslik-tul-stor-perde-iid-1710835001"
"1720628872","perde güneşlik
","200 TL","safe",,"https://www.letgo.com/item/perde-guneslik-iid-1720628872"
"1632594354","Perde güneşlik
","170 TL","safe",,"https://www.letgo.com/item/perde-guneslik-iid-1632594354"
"1724003477","UCUZA!2 tane bazalı yatak+2 tane dolap+masa 4 sandalye
","1 TL","safe",,"https://www.letgo.com/item/ucuza2-tane-bazal-yatak2-tane-dolapmasa-4-sandalye-iid-1724003477"
"1721820725","Sandalye Masa
","1 TL","safe",,"https://www.letgo.com/item/sandalye-masa-iid-1721820725"
"1723641966","6 sandalye, 1 masa, tv konsolu (ihtiyaç sahibine ücretsiz)
","1 TL","safe",,"https://www.letgo.com/item/6-sandalye-1-masa-tv-konsolu-ihtiyac-sahibine-ucretsiz-iid-1723641966"
"1723230077","Modern Geometrik Desenli Halı | Kaymaz Taban | Salon ve Antre İçin Şık
","65 TL","safe",,"https://www.letgo.com/item/modern-geometrik-desenli-hal-kaymaz-taban-salon-ve-antre-icin-sk-iid-1723230077"
"1723229901","Klasik Desenli Halı | Kaymaz Taban | Salon ve Antre İçin Şık Gelenekse
","65 TL","safe",,"https://www.letgo.com/item/klasik-desenli-hal-kaymaz-taban-salon-ve-antre-icin-sk-gelenekse-iid-1723229901"
"1723044811","kilim halı
","150 TL","safe",,"https://www.letgo.com/item/kilim-hal-iid-1723044811"
"1714573324","Krem - Uzun Halı Kilim 73x295cm
","240 TL","safe",,"https://www.letgo.com/item/krem---uzun-hal-kilim-73x295cm-iid-1714573324"
"1715209407","halı kilim
","150 TL","safe",,"https://www.letgo.com/item/hal-kilim-iid-1715209407"
"1715209173","halı kilim
","200 TL","safe",,"https://www.letgo.com/item/hal-kilim-iid-1715209173"
"1723433149","İkinci el 27 metrekare cim halı fuar alanında sergilendi temiz herh
","250 TL","safe",,"https://www.letgo.com/item/ikinci-el-27-metrekare-cim-hal-fuar-alannda-sergilendi-temiz-herh-iid-1723433149"
"1719041719","biriland yolluk
","150 TL","safe",,"https://www.letgo.com/item/biriland-yolluk-iid-1719041719"
"1721816620","Halı
","250 TL","safe",,"https://www.letgo.com/item/hal-iid-1721816620"
"1703726312","Kilim
","120 TL","safe",,"https://www.letgo.com/item/kilim-iid-1703726312"
"1695702400","Merinos halı 4 m²
","150 TL","safe",,"https://www.letgo.com/item/merinos-hal-4-m-iid-1695702400"
"1711715187","halı
","200 TL","safe",,"https://www.letgo.com/item/hal-iid-1711715187"
"1711152353","halı
","200 TL","safe",,"https://www.letgo.com/item/hal-iid-1711152353"
"1691638903","halı kilim 80/130 cm
","100 TL","safe",,"https://www.letgo.com/item/hal-kilim-80130-cm-iid-1691638903"
"1681234916","Çamaşır makinesi","100 TL","safe",,"https://www.letgo.com/item/camasr-makinesi-iid-1681234916"
"1717958557","gardrop","100 TL","safe",,"https://www.letgo.com/item/gardrop-iid-1717958557"
"1708818073","ASİL 4 KAPILI DOLAP","1 TL","safe",,"https://www.letgo.com/item/asil-4-kapili-dolap-iid-1708818073"
"1724111442","Ücretsiz Büyük Ahşap Gardrop","1 TL","safe",,"https://www.letgo.com/item/ucretsiz-buyuk-ahsap-gardrop-iid-1724111442"
"1703879097","Mavi Dolap, gardırop, vestiyer","5 TL","safe",,"https://www.letgo.com/item/mavi-dolap-gardrop-vestiyer-iid-1703879097"
"1723255205","4 kapili yukluklu dolap","250 TL","safe",,"https://www.letgo.com/item/4-kapili-yukluklu-dolap-iid-1723255205"
"1718819338","dolap ACİL SATILIK","300 TL","safe",,"https://www.letgo.com/item/dolap-acil-satilik-iid-1718819338"
"1723988114","İki kapılı dolap","250 TL","safe",,"https://www.letgo.com/item/iki-kapl-dolap-iid-1723988114"
"1722945253","dolap","300 TL","safe",,"https://www.letgo.com/item/dolap-iid-1722945253"
"1724048643","3 tane dolap","150 TL","safe",,"https://www.letgo.com/item/3-tane-dolap-iid-1724048643"
"1723658230","Gardırop iki kapaklı dolap","250 TL","safe",,"https://www.letgo.com/item/gardrop-iki-kapakl-dolap-iid-1723658230"
"1711064691","kahvehane malzemeleri masa sandalyeleri","100 TL","safe",,"https://www.letgo.com/item/kahvehane-malzemeleri-masa-sandalyeleri-iid-1711064691"
"1718675421","polo sandalye","27 TL","safe",,"https://www.letgo.com/item/polo-sandalye-iid-1718675421"
"1723554652","aktivite masasi","50 TL","safe",,"https://www.letgo.com/item/aktivite-masasi-iid-1723554652"
"1720070999","masa sandalye","12 TL","safe",,"https://www.letgo.com/item/masa-sandalye-iid-1720070999"
"1715299290","yemek masası","20 TL","safe",,"https://www.letgo.com/item/yemek-masas-iid-1715299290"
"1723690329","masa sandalye","19 TL","safe",,"https://www.letgo.com/item/masa-sandalye-iid-1723690329"
"1722247012","masa takimi Körfez masa sandalye","42 TL","safe",,"https://www.letgo.com/item/masa-takimi-korfez-masa-sandalye-iid-1722247012"
"1713133581","5 ADET ÇAM AGACİ MASA SANDALYE TAKİMİ","15 TL","safe",,"https://www.letgo.com/item/5-adet-cam-agaci-masa-sandalye-takimi-iid-1713133581"
"1722246800","ceviz kütük Masa Sandalye","42 TL","safe",,"https://www.letgo.com/item/ceviz-kutuk-masa-sandalye-iid-1722246800"
"1720100499","masa sandalye","25 TL","safe",,"https://www.letgo.com/item/masa-sandalye-iid-1720100499"
"1720372828","masa sandalye","24 TL","safe",,"https://www.letgo.com/item/masa-sandalye-iid-1720372828"
"1720100662","masa sandalye","24 TL","safe",,"https://www.letgo.com/item/masa-sandalye-iid-1720100662"
"1703728261","Körfez masa sandalye GÖLCÜK Açılır masa","19 TL","safe",,"https://www.letgo.com/item/korfez-masa-sandalye-golcuk-aclr-masa-iid-1703728261"
"1724155347","masa sandalye","15 TL","safe",,"https://www.letgo.com/item/masa-sandalye-iid-1724155347"
"1713238353","yuvarlak masa sandalye takımı","22 TL","safe",,"https://www.letgo.com/item/yuvarlak-masa-sandalye-takm-iid-1713238353"
"1706575814","mama sandalyesi","300 TL","safe",,"https://www.letgo.com/item/mama-sandalyesi-iid-1706575814"
"1721462856","mama sandalyesi","300 TL","safe",,"https://www.letgo.com/item/mama-sandalyesi-iid-1721462856"
"1714222204","Açılır Yemek Masası","250 TL","safe",,"https://www.letgo.com/item/aclr-yemek-masas-iid-1714222204"
"1718020127","çocuk mama sandalyesi","300 TL","safe",,"https://www.letgo.com/item/cocuk-mama-sandalyesi-iid-1718020127"
"1665384979","Pilsan mama sandalyesi","200 TL","safe",,"https://www.letgo.com/item/pilsan-mama-sandalyesi-iid-1665384979"
"1718340425","CAFE SEDİR CİFT YONLU KOLTUK İMALAT ÖLÇÜ VERİNİZ","120 TL","safe",,"https://www.letgo.com/item/cafe-sedir-cift-yonlu-koltuk-imalat-olcu-veriniz-iid-1718340425"
"1718936685","mama sandalyesi / joie marka","300 TL","safe",,"https://www.letgo.com/item/mama-sandalyesi-joie-marka-iid-1718936685"
"1704706967","Ikea antilop mama sandalyesi","300 TL","safe",,"https://www.letgo.com/item/ikea-antilop-mama-sandalyesi-iid-1704706967"
"1723431073","MASASIZ ikea mama sandalyesi acil satılıyor","300 TL","safe",,"https://www.letgo.com/item/masasiz-ikea-mama-sandalyesi-acil-satlyor-iid-1723431073"
"1642440425","tekerlekli Orta masa, sehpa, yemek masası","300 TL","safe",,"https://www.letgo.com/item/tekerlekli-orta-masa-sehpa-yemek-masas-iid-1642440425"
"1719096998","ikea ahtapot bebek masa sandalyesi","300 TL","safe",,"https://www.letgo.com/item/ikea-ahtapot-bebek-masa-sandalyesi-iid-1719096998"
"1724136424","ikea mama sandalyesi","300 TL","safe",,"https://www.letgo.com/item/ikea-mama-sandalyesi-iid-1724136424"
"1709418140","ahşap masa","150 TL","safe",,"https://www.letgo.com/item/ahsap-masa-iid-1709418140"
"1721668518","ikea bebek mama sandalyesi","300 TL","safe",,"https://www.letgo.com/item/ikea-bebek-mama-sandalyesi-iid-1721668518"
"1722220670","mama sandalyesi","300 TL","safe",,"https://www.letgo.com/item/mama-sandalyesi-iid-1722220670"
"1715255094","mama sandalyesi English home marka","300 TL","safe",,"https://www.letgo.com/item/mama-sandalyesi-english-home-marka-iid-1715255094"
"1708007874","mama sandalyesi","300 TL","safe",,"https://www.letgo.com/item/mama-sandalyesi-iid-1708007874"
"1721703771","Büro sandalyesi","250 TL","safe",,"https://www.letgo.com/item/buro-sandalyesi-iid-1721703771"
"1704084569","mama sandalyesi","250 TL","safe",,"https://www.letgo.com/item/mama-sandalyesi-iid-1704084569"
"1723979698","mama sandalyesı","250 TL","safe",,"https://www.letgo.com/item/mama-sandalyes-iid-1723979698"
"1722696943","mama sandalyesi","300 TL","safe",,"https://www.letgo.com/item/mama-sandalyesi-iid-1722696943"
"1718864222","çocuk katlanır masa","150 TL","safe",,"https://www.letgo.com/item/cocuk-katlanr-masa-iid-1718864222"
"1723255305","MASA SANDALYE TAKIMI","300 TL","safe",,"https://www.letgo.com/item/masa-sandalye-takimi-iid-1723255305"
"1700179187","çocuk masa ve sandalye","250 TL","safe",,"https://www.letgo.com/item/cocuk-masa-ve-sandalye-iid-1700179187"
"1716154363","mammut masa ve sandalye","150 TL","safe",,"https://www.letgo.com/item/mammut-masa-ve-sandalye-iid-1716154363"
"1716215162","plastik masa sandalye","250 TL","safe",,"https://www.letgo.com/item/plastik-masa-sandalye-iid-1716215162"
"1715629220","bahçe ve balkon masa sandalye az kullanılmış temiz","300 TL","safe",,"https://www.letgo.com/item/bahce-ve-balkon-masa-sandalye-az-kullanlms-temiz-iid-1715629220"
"1714829979","ikea çocuk masa sandalye","250 TL","safe",,"https://www.letgo.com/item/ikea-cocuk-masa-sandalye-iid-1714829979"
"1724037484","4 kişilik kanepe","10 TL","safe",,"https://www.letgo.com/item/4-kisilik-kanepe-iid-1724037484"
"1698738509","koltuk tamiri mobilya tamiri yapıyoruz","100 TL","safe",,"https://www.letgo.com/item/koltuk-tamiri-mobilya-tamiri-yapyoruz-iid-1698738509"
"1722937138","iki adet kanepe","1 TL","safe",,"https://www.letgo.com/item/iki-adet-kanepe-iid-1722937138"
"1698471320","ücretsiz kanepe","1 TL","safe",,"https://www.letgo.com/item/ucretsiz-kanepe-iid-1698471320"
"1724326740","ücretsiz yataklı kanepe","1 TL","safe",,"https://www.letgo.com/item/ucretsiz-yatakl-kanepe-iid-1724326740"
"1724436576","2 adet kanepe","1 TL","safe",,"https://www.letgo.com/item/2-adet-kanepe-iid-1724436576"
"1724354500","BEDAVA 2 ADET KANEPE","1 TL","safe",,"https://www.letgo.com/item/bedava-2-adet-kanepe-iid-1724354500"
"1724127779","İkea Kıvık Yataklı Kanepe","1 TL","safe",,"https://www.letgo.com/item/ikea-kvk-yatakl-kanepe-iid-1724127779"
"1724435554","bedava ikili kanepe ve iki koltuk","1 TL","safe",,"https://www.letgo.com/item/bedava-ikili-kanepe-ve-iki-koltuk-iid-1724435554"
"1691867007","kanepe kumandalık cebi","250 TL","safe",,"https://www.letgo.com/item/kanepe-kumandalk-cebi-iid-1691867007"
"1712213304","yatak olan koltuk ve çekmece saglam","299 TL","safe",,"https://www.letgo.com/item/yatak-olan-koltuk-ve-cekmece-saglam-iid-1712213304"
"1719272607","DERİ KOLTUK KARYOLA KANEPE KÖŞE KOLTUK İMALAT DİGER İLANLARA BAKİNİZ","111 TL","safe",,"https://www.letgo.com/item/deri-koltuk-karyola-kanepe-kose-koltuk-imalat-diger-ilanlara-bakiniz-iid-1719272607"
"1693485361","Kilim","50 TL","safe",,"https://www.letgo.com/item/kilim-iid-1693485361"
"1711803975","Kilim","50 TL","safe",,"https://www.letgo.com/item/kilim-iid-1711803975"
"1718738163","halı ücretsiz takas yapmak istiyorum ev Mefruşat malzemeleri ile","1 TL","safe",,"https://www.letgo.com/item/hal-ucretsiz-takas-yapmak-istiyorum-ev-mefrusat-malzemeleri-ile-iid-1718738163"
"1702064737","Halı modelleri","1 TL","safe",,"https://www.letgo.com/item/hal-modelleri-iid-1702064737"
"1702064570","Halı modelleri","1 TL","safe",,"https://www.letgo.com/item/hal-modelleri-iid-1702064570"
"1696770614","YOLLUK ve HALI MODELLERİ","1 TL","safe",,"https://www.letgo.com/item/yolluk-ve-hali-modelleri-iid-1696770614"
"1720556890","Bedava Tüylü Büyük Halı","1 TL","safe",,"https://www.letgo.com/item/bedava-tuylu-buyuk-hal-iid-1720556890"
"1724085442","ücretsiz yolluk koridor","1 TL","safe",,"https://www.letgo.com/item/ucretsiz-yolluk-koridor-iid-1724085442"
"1724379058","Ücretsiz halı","1 TL","safe",,"https://www.letgo.com/item/ucretsiz-hal-iid-1724379058"
"1699440035","YOLLUK ve HALI MODELLERİ ❌KARGO BEDAVA ✔️✔️✔️✔️✔️✔️✔️✔️","1 TL","safe",,"https://www.letgo.com/item/yolluk-ve-hali-modelleri-kargo-bedava-iid-1699440035"
"1701021915","Raf","100 TL","safe",,"https://www.letgo.com/item/raf-iid-1701021915"
"1701020271","Masa","300 TL","safe",,"https://www.letgo.com/item/masa-iid-1701020271"
"1723651693","tekleme tabaklar","200 TL","safe",,"https://www.letgo.com/item/tekleme-tabaklar-iid-1723651693"
"1723669603","ayakkabılık","300 TL","safe",,"https://www.letgo.com/item/ayakkablk-iid-1723669603"
"1716955333","fakir dikey elektrikli süpürge","500 TL","safe",,"https://www.letgo.com/item/fakir-dikey-elektrikli-supurge-iid-1716955333"
"1668332843","Öğrenciye ücretsiz-nakliye hariçtir","1 TL","safe",,"https://www.letgo.com/item/ogrenciye-ucretsiz-nakliye-harictir-iid-1668332843"
"1724264352","ücretsiz 140/190 yatak","1 TL","safe",,"https://www.letgo.com/item/ucretsiz-140190-yatak-iid-1724264352"
"1723501030","İki kapılı gardrop dolap - öğrenciye uygun","1 TL","safe",,"https://www.letgo.com/item/iki-kapl-gardrop-dolap---ogrenciye-uygun-iid-1723501030"
"1723831626","ünite","100 TL","safe",,"https://www.letgo.com/item/unite-iid-1723831626"
"1724390558","çift kişlik yatak baza","400 TL","safe",,"https://www.letgo.com/item/cift-kislik-yatak-baza-iid-1724390558"
"1723043834","Öğrenciye Ücretsiz Bosch Bulaşık Makinesi","1 TL","safe",,"https://www.letgo.com/item/ogrenciye-ucretsiz-bosch-bulask-makinesi-iid-1723043834"
"1723936762","İHTİYAÇ SAHİBİNE, ÖĞRENCİYE GELİP ALMASI ŞARTIYLA ÜCRETSİZDİR.","1 TL","safe",,"https://www.letgo.com/item/ihtiyac-sahibine-ogrenciye-gelip-almasi-sartiyla-ucretsizdir-iid-1723936762"
"1724314432","çalışma masası","5 TL","safe",,"https://www.letgo.com/item/calsma-masas-iid-1724314432"
"1719909467","İstikbal bazalı çekyat koltuk. Öğrenciye %50 indirimli","500 TL","safe",,"https://www.letgo.com/item/istikbal-bazal-cekyat-koltuk-ogrenciye-50-indirimli-iid-1719909467"
"1719908805","Kitaplıklı çalışma masası. Öğrenciye %50 indirim","500 TL","safe",,"https://www.letgo.com/item/kitaplkl-calsma-masas-ogrenciye-50-indirim-iid-1719908805"
"1723271793","Sandıklı baza & yatak Öğrenciye Ücretsiz Verilecek","1 TL","safe",,"https://www.letgo.com/item/sandkl-baza-yatak-ogrenciye-ucretsiz-verilecek-iid-1723271793"
"1723273720","koltuk takımı öğrenciye ücretsiz verilecek","1 TL","safe",,"https://www.letgo.com/item/koltuk-takm-ogrenciye-ucretsiz-verilecek-iid-1723273720"
"1722460266","ÖĞRENCİYE ÜCRETSİZ VERİLECEKTİR","1 TL","safe",,"https://www.letgo.com/item/ogrenciye-ucretsiz-verilecektir-iid-1722460266"
"1721195978","6 li Kahve fincani ve 6 li Cay & Nescafe fincani takimi","500 TL","safe",,"https://www.letgo.com/item/6-li-kahve-fincani-ve-6-li-cay-nescafe-fincani-takimi-iid-1721195978"
"1716414018","lavabo cizik , kırık vs yok ıhtıyac fazlası","150 TL","safe",,"https://www.letgo.com/item/lavabo-cizik-krk-vs-yok-htyac-fazlas-iid-1716414018"
"1714675592","Bilinmiyor","250 TL","safe",,"https://www.letgo.com/item/blender-mikser-250_tl-iid-1714675592"
"1722002626","Büyük koltuk yanları yok sadece herşeyi tam","500 TL","safe",,"https://www.letgo.com/item/buyuk-koltuk-yanlar-yok-sadece-herseyi-tam-iid-1722002626"
"1722002404","Portakal sıkma araci","500 TL","safe",,"https://www.letgo.com/item/portakal-skma-araci-iid-1722002404"
"1708359888","büyük kamyon ve pizza minibüs","300 TL","safe",,"https://www.letgo.com/item/buyuk-kamyon-ve-pizza-minibus-iid-1708359888"
"1717273072","açılır kapanır masa","500 TL","safe",,"https://www.letgo.com/item/aclr-kapanr-masa-iid-1717273072"
"1671713761","Oyuncak Pet taşıma,evcil hayvanını taşıyorum,Seyehat ediyoruz","250 TL","safe",,"https://www.letgo.com/item/oyuncak-pet-tasmaevcil-hayvann-tasyorumseyehat-ediyoruz-iid-1671713761"
"1661959794","Beyaz eşya teknik servisi buzdolabı çamaşır makinesi bulaşık Makinesi","200 TL","safe",,"https://www.letgo.com/item/beyaz-esya-teknik-servisi-buzdolab-camasr-makinesi-bulask-makinesi-iid-1661959794"
"1724010258","İstanbul bulaşık buzdolabı Çamaşır Makinesi Ustası (Kazan / Rulman)","123 TL","safe",,"https://www.letgo.com/item/istanbul-bulask-buzdolab-camasr-makinesi-ustas-kazan-rulman-iid-1724010258"
"1723943894","L Koltuk Ve Buzdolabı","300 TL","safe",,"https://www.letgo.com/item/l-koltuk-ve-buzdolab-iid-1723943894"
"1724411351","eski çamaşır makinesi buzdolabı alınır","200 TL","safe",,"https://www.letgo.com/item/eski-camasr-makinesi-buzdolab-alnr-iid-1724411351"
"1721112409","alaska buzdolabı","300 TL","safe",,"https://www.letgo.com/item/alaska-buzdolab-iid-1721112409"
"1705945799","yatak başlığı","100 TL","safe",,"https://www.letgo.com/item/yatak-baslg-iid-1705945799"
"1720862460","2 ADET ÜCRETSİZ BAZA","50 TL","safe",,"https://www.letgo.com/item/2-adet-ucretsiz-baza-iid-1720862460"
"1723521509","ucretsiz. yatak.karyola","100 TL","safe",,"https://www.letgo.com/item/ucretsiz-yatakkaryola-iid-1723521509"
"1724128744","yataş baza","100 TL","safe",,"https://www.letgo.com/item/yatas-baza-iid-1724128744"
"1722838921","130x190 Temiz Yatak (baza dahil değil)","100 TL","safe",,"https://www.letgo.com/item/130x190-temiz-yatak-baza-dahil-degil-iid-1722838921"
"1722839001","150x200 Yatak (baza dahil değildir)","50 TL","safe",,"https://www.letgo.com/item/150x200-yatak-baza-dahil-degildir-iid-1722839001"
"1722977043","ahsap cita giysi dolap","300 TL","safe",,"https://www.letgo.com/item/ahsap-cita-giysi-dolap-iid-1722977043"
"1656210340","Çift kişilik baza başlığı 160cm*200cm bazaya uyumlu yükseklik180cm civ","200 TL","safe",,"https://www.letgo.com/item/cift-kisilik-baza-baslg-160cm200cm-bazaya-uyumlu-yukseklik180cm-civ-iid-1656210340"
"1713107249","İDAŞ YATAK 1.50x2.00","300 TL","safe",,"https://www.letgo.com/item/idas-yatak-150x200-iid-1713107249"
"1723730156","çift kişilik baza","250 TL","safe",,"https://www.letgo.com/item/cift-kisilik-baza-iid-1723730156"
"1714509621","tekli baza yatağı","300 TL","safe",,"https://www.letgo.com/item/tekli-baza-yatag-iid-1714509621"
"1724275806","Cift kisilik baza ve baslik (yataksiz)","200 TL","safe",,"https://www.letgo.com/item/cift-kisilik-baza-ve-baslik-yataksiz-iid-1724275806"
"1717732474","ÇOCUK BAZA KORUMA","200 TL","safe",,"https://www.letgo.com/item/cocuk-baza-koruma-iid-1717732474"
"1724335984","baza ve başlık","300 TL","safe",,"https://www.letgo.com/item/baza-ve-baslk-iid-1724335984"
"1723359636","baza yatak","200 TL","safe",,"https://www.letgo.com/item/baza-yatak-iid-1723359636"
"1724130221","her türlü beyaz eşya çekyat baza yatak alınır","200 TL","safe",,"https://www.letgo.com/item/her-turlu-beyaz-esya-cekyat-baza-yatak-alnr-iid-1724130221"
"1719584919","baza yatak","250 TL","safe",,"https://www.letgo.com/item/baza-yatak-iid-1719584919"
"1722498978","yataş işbir istikbal maağazadaki teşhir ürünleri kullanılmamış yatak","234 TL","flagged","Yasaklı kelime: ""fiyat için""","https://www.letgo.com/item/yatas-isbir-istikbal-maagazadaki-teshir-urunleri-kullanlmams-yatak-iid-1722498978"
"1723275322","ikea mamut sandalye","299 TL","flagged","Ticari Satıcı: ""mağaza""","https://www.letgo.com/item/ikea-mamut-sandalye-iid-1723275322"
"1724062558","İŞBİR YATAK VE İKEA BRIMNES LURÖY BEYAZ BAZA","30 TL","flagged","Gerçekçi Olmayan Fiyat: 30 TL","https://www.letgo.com/item/isbir-yatak-ve-ikea-brimnes-luroy-beyaz-baza-iid-1724062558"
"1708211475","İMALATTA BAZA BAŞLIK YATAK FULL ORTOPEDİK","6 TL","flagged","Ticari Satıcı: ""özel ölçü""","https://www.letgo.com/item/imalatta-baza-baslik-yatak-full-ortopedik-iid-1708211475"
"1723854341","hurda çamaşır makinesi buzdolabı kombi yatak baza alınır","10 TL","flagged","Gerçekçi Olmayan Fiyat: 10 TL","https://www.letgo.com/item/hurda-camasr-makinesi-buzdolab-kombi-yatak-baza-alnr-iid-1723854341"
"1723586564","baza başlık yatak çift kişilik tek kişilik","99 TL","flagged","Yasaklı kelime: ""iletişime geçin""","https://www.letgo.com/item/baza-baslk-yatak-cift-kisilik-tek-kisilik-iid-1723586564"
"1692477637","Yataş yatak","12 TL","flagged","Yasaklı kelime: ""fiyatı ""","https://www.letgo.com/item/yatas-yatak-iid-1692477637"
"1723306994","baza yatak başlık tek kişilik ve çift kişilik","9 TL","flagged","Ticari Satıcı: ""toptan""","https://www.letgo.com/item/baza-yatak-baslk-tek-kisilik-ve-cift-kisilik-iid-1723306994"
"1724455225","ŞOK FİYAT GARDROP ŞİFONYER","11 TL","flagged","Ticari Satıcı: ""kapıda ödeme""","https://www.letgo.com/item/sok-fiyat-gardrop-sifonyer-iid-1724455225"
"1723272558","MEŞRUBAT DOLAPLARI SU DOLABI KOLA DOLABI İÇECEK DOLABI AYRAN DOLABI","111 TL","flagged","Ticari Satıcı: ""renk seçenekleri""","https://www.letgo.com/item/mesrubat-dolaplari-su-dolabi-kola-dolabi-icecek-dolabi-ayran-dolabi-iid-1723272558"
"1647902259","dyson gövde parçaları - sadece HASARSIZ parça","400 TL","flagged","Yasaklı kelime: ""satılık""","https://www.letgo.com/item/dyson-govde-parcalar---sadece-hasarsiz-parca-iid-1647902259"
"1724354147","Komple ev eşyası koltuk konsol yemek odası fırın bulaşık buzdolabı v.s","1 TL","flagged","Yasaklı kelime: ""satılık""","https://www.letgo.com/item/komple-ev-esyas-koltuk-konsol-yemek-odas-frn-bulask-buzdolab-vs-iid-1724354147"
"1718945975","konsol satılıktır acil satılık taşınıyorum alabilirsenniz bu günden al","400 TL","flagged","Yasaklı kelime: ""satılık""","https://www.letgo.com/item/konsol-satlktr-acil-satlk-tasnyorum-alabilirsenniz-bu-gunden-al-iid-1718945975"
"1718260926","tekerlikli sehpa","100 TL","flagged","Yasaklı kelime: ""satıyorum""","https://www.letgo.com/item/tekerlikli-sehpa-iid-1718260926"
"1723725063","fırsat!! taşınıyorum acil satılık açık dolap","30 TL","flagged","Yasaklı kelime: ""satılık""","https://www.letgo.com/item/frsat-tasnyorum-acil-satlk-ack-dolap-iid-1723725063"
"1654300588","Bilgisayar masası","500 TL","flagged","Yasaklı kelime: ""satılık""","https://www.letgo.com/item/bilgisayar-masas-iid-1654300588"
"1723718883","acilllll taşınıyorum!! Fırsatttr!! 4 kapaklı lake dolap","36 TL","flagged","Yasaklı kelime: ""satıyorum""","https://www.letgo.com/item/acilllll-tasnyorum-frsatttr-4-kapakl-lake-dolap-iid-1723718883"
"1709891281","6 tane deri sandaye tanesi 400₺","400 TL","flagged","Yasaklı kelime: ""tanesi""","https://www.letgo.com/item/6-tane-deri-sandaye-tanesi-400-iid-1709891281"
"1711767648","4.0 Satıcı Puanı","500 TL","flagged","Yasaklı kelime: ""satıyorum""","https://www.letgo.com/item/avize-sarkt-iid-1711767648"
"1709431326","ayakkabı","300 TL","flagged","Yasaklı kelime: ""satıyorum""","https://www.letgo.com/item/ayakkab-iid-1709431326"
"1717532403","acilllll!!! taşınıyorummm…İkea yemek masası ve 2 sandalye takımı","6 TL","flagged","Yasaklı kelime: ""satıyorum""","https://www.letgo.com/item/acilllll-tasnyorummmikea-yemek-masas-ve-2-sandalye-takm-iid-1717532403"
"1703662754","ikea seramik beyaz saksilar","300 TL","flagged","Yasaklı kelime: ""elden teslim""","https://www.letgo.com/item/ikea-seramik-beyaz-saksilar-iid-1703662754"
"1719952539","Kağıt havluluk 30cm","80 TL","flagged","Yasaklı kelime: ""satıyorum""","https://www.letgo.com/item/kagt-havluluk-30cm-iid-1719952539"
"1719836038","3.0 Satıcı Puanı","1 TL","flagged","Bedava kanıtı yok (Fake Free)","https://www.letgo.com/item/metal-karyola-ucretsiz-iid-1719836038"
"1705381255","5.0 Satıcı Puanı","150 TL","flagged","Yasaklı kelime: ""adet fiyatı""","https://www.letgo.com/item/gold-aynal-tepsi-iid-1705381255"
"1723854562","açıl verıyorum almak isteyene","1 TL","flagged","Bedava kanıtı yok (Fake Free)","https://www.letgo.com/item/acl-veryorum-almak-isteyene-iid-1723854562"
"1712734073","koltuk takımı ve yemek masası sandalye","20 TL","flagged","Gerçekçi Olmayan Fiyat: 20 TL","https://www.letgo.com/item/koltuk-takm-ve-yemek-masas-sandalye-iid-1712734073"
"1723579769","ÖĞRENCİYE ÜCRETSİZ BUZDOLABI","1 TL","flagged","Bedava kanıtı yok (Fake Free)","https://www.letgo.com/item/ogrenciye-ucretsiz-buzdolabi-iid-1723579769"
"1706435428","4.6 Satıcı Puanı","30 TL","flagged","Yasaklı kelime: ""tanesi""","https://www.letgo.com/item/yemek-kasigi-9-adet-fiyati-30-tl-bekara-ogrenciye-iid-1706435428"
"1661537020","TAKAS VAR ÇALIŞIYOR ÖĞRENCİNİN BEKARIN İŞİNİ GÖRÜR BOSCH FIRIN","1 TL","flagged","Bedava kanıtı yok (Fake Free)","https://www.letgo.com/item/takas-var-calisiyor-ogrencinin-bekarin-isini-gorur-bosch-firin-iid-1661537020"
"1660320475","Halı","370 TL","flagged","Yasaklı kelime: ""satıyorum""","https://www.letgo.com/item/hal-iid-1660320475"
"1711108981","5.0 Satıcı Puanı","185 TL","flagged","Yasaklı kelime: ""satıyorum""","https://www.letgo.com/item/6-li-cam-sise-baharatlk-iid-1711108981"
"1708695602","Halı kilim","1 TL","flagged","Bedava kanıtı yok (Fake Free)","https://www.letgo.com/item/hal-kilim-iid-1708695602"
"1723737181","Her türlü el dokuma halı kilim yoluk yastık ısparta köy halısı alınır","1 TL","flagged","Bedava kanıtı yok (Fake Free)","https://www.letgo.com/item/her-turlu-el-dokuma-hal-kilim-yoluk-yastk-sparta-koy-hals-alnr-iid-1723737181"
"1715950262","imallattan direk halka uygun fiyata baza takımları","1 TL","flagged","Ticari Satıcı: ""imalattan""","https://www.letgo.com/item/imallattan-direk-halka-uygun-fiyata-baza-takmlar-iid-1715950262"
"1676427975","Yatak yıkama yapılır","1 TL","flagged","Bedava kanıtı yok (Fake Free)","https://www.letgo.com/item/yatak-ykama-yaplr-iid-1676427975"
"1686736293","güzel bir halı 4 metrekare al işini gör çok para verme","1 TL","flagged","Yasaklı kelime: ""ciddi alıcılar""","https://www.letgo.com/item/guzel-bir-hal-4-metrekare-al-isini-gor-cok-para-verme-iid-1686736293"
"1724218361","ergo sandalye mdf masa modeli","1 TL","flagged","Ticari Satıcı: ""imalattan""","https://www.letgo.com/item/ergo-sandalye-mdf-masa-modeli-iid-1724218361"
"1686736384","6 metrekare çok kaliteli bir halı kıymetini bilen değerlendirsin gel k","1 TL","flagged","Yasaklı kelime: ""ciddi alıcılar""","https://www.letgo.com/item/6-metrekare-cok-kaliteli-bir-hal-kymetini-bilen-degerlendirsin-gel-k-iid-1686736384"
"1677649869","6 metrekare halı yeniden farkı yokpırıl yıknmş mğazdan almş gibi","1 TL","flagged","Yasaklı kelime: ""fiyatı ""","https://www.letgo.com/item/6-metrekare-hal-yeniden-fark-yokprl-yknms-mgazdan-alms-gibi-iid-1677649869"
"1677340425","2 çeşitli 6 metre kare halı yıkanmış yeniden farkı yok al kullan","1 TL","flagged","Yasaklı kelime: ""ciddi alıcılar""","https://www.letgo.com/item/2-cesitli-6-metre-kare-hal-ykanms-yeniden-fark-yok-al-kullan-iid-1677340425"
"1711959824","halı","2 TL","flagged","Bedava kanıtı yok (Fake Free)","https://www.letgo.com/item/hal-iid-1711959824"
"1711959765","halı","2 TL","flagged","Bedava kanıtı yok (Fake Free)","https://www.letgo.com/item/hal-iid-1711959765"
"1717065994","yıkanabilir halı 200tl 97x140","1 TL","flagged","Yasaklı kelime: ""satılık""","https://www.letgo.com/item/ykanabilir-hal-200tl-97x140-iid-1717065994"
"1714668125","halı seccade","1 TL","flagged","Bedava kanıtı yok (Fake Free)","https://www.letgo.com/item/hal-seccade-iid-1714668125"
"1698016572","Halı kaymaz taban//ŞOK FİYAT??","1 TL","flagged","Bedava kanıtı yok (Fake Free)","https://www.letgo.com/item/hal-kaymaz-tabansok-fiyat-iid-1698016572"
"1684540735","Halı modelleri/ fabrika satış","1 TL","flagged","Ticari Satıcı: ""kapıda ödeme""","https://www.letgo.com/item/hal-modelleri-fabrika-sats-iid-1684540735"
"1710743879","80 x 170 Afgan halısı kıymetini bilene satılık","1 TL","flagged","Yasaklı kelime: ""satılık""","https://www.letgo.com/item/80-x-170-afgan-hals-kymetini-bilene-satlk-iid-1710743879"
"1722987823","HARİKA 5 KAPILI DOLAP","1 TL","flagged","Ticari Satıcı: ""taksit""","https://www.letgo.com/item/harika-5-kapili-dolap-iid-1722987823"
"1711578534","antika kilim halı","10 TL","flagged","Şüpheli m2 fiyatı olasılığı: 10 TL","https://www.letgo.com/item/antika-kilim-hal-iid-1711578534"
"1723228473","Modern Çizgili Çerçeveli Halı | Kaymaz Taban | Özel Ölçü Salon ve Kori","12 TL","flagged","Ticari Satıcı: ""özel ölçü""","https://www.letgo.com/item/modern-cizgili-cerceveli-hal-kaymaz-taban-ozel-olcu-salon-ve-kori-iid-1723228473"
"1722367569","El Dokuma Kök Boyalı Yün Halı","10 TL","flagged","Şüpheli m2 fiyatı olasılığı: 10 TL","https://www.letgo.com/item/el-dokuma-kok-boyal-yun-hal-iid-1722367569"
"1723338161","Antik kök boya yün yün halı","10 TL","flagged","Şüpheli m2 fiyatı olasılığı: 10 TL","https://www.letgo.com/item/antik-kok-boya-yun-yun-hal-iid-1723338161"
"1719185436","bohem koltuk takımı","45 TL","flagged","Gerçekçi Olmayan Fiyat: 45 TL","https://www.letgo.com/item/bohem-koltuk-takm-iid-1719185436"
"1723228398","Modern Çizgili Çerçeveli Halı | Kaymaz Taban | Özel Ölçü Salon ve Kori","12 TL","flagged","Ticari Satıcı: ""özel ölçü""","https://www.letgo.com/item/modern-cizgili-cerceveli-hal-kaymaz-taban-ozel-olcu-salon-ve-kori-iid-1723228398"
"1724044897","ikea koltuk kanepe yatak","1 TL","flagged","Bedava kanıtı yok (Fake Free)","https://www.letgo.com/item/ikea-koltuk-kanepe-yatak-iid-1724044897"
"1720654789","İKEA HEMNES DİVAN - Yatak - Çift kişilik - Koltuk - Kanepe","1 TL","flagged","Yasaklı kelime: ""fiyatı ""","https://www.letgo.com/item/ikea-hemnes-divan---yatak---cift-kisilik---koltuk---kanepe-iid-1720654789"
"1720655133","AÇILIR KANEPE KOLTUK ÇEKYAT","1 TL","flagged","Bedava kanıtı yok (Fake Free)","https://www.letgo.com/item/acilir-kanepe-koltuk-cekyat-iid-1720655133"
"1722713532","her türlü mobilya salon takımı kanepe v.s. işler yapilur","2 TL","flagged","Bedava kanıtı yok (Fake Free)","https://www.letgo.com/item/her-turlu-mobilya-salon-takm-kanepe-vs-isler-yapilur-iid-1722713532"
"1724415017","2 adet çekyat kanepe","1 TL","flagged","Bedava kanıtı yok (Fake Free)","https://www.letgo.com/item/2-adet-cekyat-kanepe-iid-1724415017"
"1724298988","temiz 2 adet kanepe 1 adet tv","1 TL","flagged","Bedava kanıtı yok (Fake Free)","https://www.letgo.com/item/temiz-2-adet-kanepe-1-adet-tv-iid-1724298988"
"1722232090","lacivert kanepe sıfır","1 TL","flagged","Bedava kanıtı yok (Fake Free)","https://www.letgo.com/item/lacivert-kanepe-sfr-iid-1722232090"
"1722832461","2. El kanepe","1 TL","flagged","Yasaklı kelime: ""satıyorum""","https://www.letgo.com/item/2-el-kanepe-iid-1722832461"
"1711595933","CHESTER OFİS KANEPELERİ","1 TL","flagged","Bedava kanıtı yok (Fake Free)","https://www.letgo.com/item/chester-ofis-kanepeleri-iid-1711595933"
"1711596005","CHESTER OFİS KANEPELERİ","1 TL","flagged","Bedava kanıtı yok (Fake Free)","https://www.letgo.com/item/chester-ofis-kanepeleri-iid-1711596005"
"1711596080","CHESTER OFİS VE BÜRO KANEPELERİ","1 TL","flagged","Bedava kanıtı yok (Fake Free)","https://www.letgo.com/item/chester-ofis-ve-buro-kanepeleri-iid-1711596080"
"1721878256","iki kanepe","5 TL","flagged","Bedava kanıtı yok (Fake Free)","https://www.letgo.com/item/iki-kanepe-iid-1721878256"
"1717550173","Kanepe Çekyat","1 TL","flagged","Bedava kanıtı yok (Fake Free)","https://www.letgo.com/item/kanepe-cekyat-iid-1717550173"
"1723595953","organizasyon Masa sandalye","199 TL","flagged","Ticari Satıcı: ""toptan""","https://www.letgo.com/item/organizasyon-masa-sandalye-iid-1723595953"
"1666765605","Yemek masasi","200 TL","flagged","Yasaklı kelime: ""tanesi""","https://www.letgo.com/item/yemek-masasi-iid-1666765605"
"1721741757","Baby Plus Star Mama Sandalyesi","300 TL","flagged","Yasaklı kelime: ""fiyat:""","https://www.letgo.com/item/baby-plus-star-mama-sandalyesi-iid-1721741757"
"1702760068","8 Adet Az Oturulmuş Sandalye Kılıflı","300 TL","flagged","Yasaklı kelime: ""tanesi""","https://www.letgo.com/item/8-adet-az-oturulmus-sandalye-klfl-iid-1702760068"
"1720555992","okey masa sandalye takımı imalattan","11 TL","flagged","Ticari Satıcı: ""imalattan""","https://www.letgo.com/item/okey-masa-sandalye-takm-imalattan-iid-1720555992"
"1722762383","Ahşap sedir masa sandalye takımı","7 TL","flagged","Yasaklı kelime: ""bin tl""","https://www.letgo.com/item/ahsap-sedir-masa-sandalye-takm-iid-1722762383"
"1724155496","masa sandalye","14 TL","flagged","Ticari Satıcı: ""kapıda ödeme""","https://www.letgo.com/item/masa-sandalye-iid-1724155496"
"1722072928","Avangart Masa sandalye","100 TL","flagged","Yasaklı kelime: ""satıyorum""","https://www.letgo.com/item/avangart-masa-sandalye-iid-1722072928"
"1723275758","satılık ofis masa sandalye bilgisayar","10 TL","flagged","Yasaklı kelime: ""satılık""","https://www.letgo.com/item/satlk-ofis-masa-sandalye-bilgisayar-iid-1723275758"
"1701978006","High Gloss Venedik masa/// oskar sandalye","14 TL","flagged","Yasaklı kelime: ""fiyatı ""","https://www.letgo.com/item/high-gloss-venedik-masa-oskar-sandalye-iid-1701978006"
"1702807703","PTT Ayak masa polo sandalye","29 TL","flagged","Ticari Satıcı: ""kapıda ödeme""","https://www.letgo.com/item/ptt-ayak-masa-polo-sandalye-iid-1702807703"
"1701977441","High Gloss masa ////düğmeli elma sandalye","12 TL","flagged","Ticari Satıcı: ""kapıda ödeme""","https://www.letgo.com/item/high-gloss-masa-dugmeli-elma-sandalye-iid-1701977441"
"1702807635","ağaç Polo sandalye ağaç PTT Ayak masa","17 TL","flagged","Ticari Satıcı: ""kapıda ödeme""","https://www.letgo.com/item/agac-polo-sandalye-agac-ptt-ayak-masa-iid-1702807635"
"1715725949","yüklük dolap gardırop sürgülü kapaklıdır","1 TL","flagged","Bedava kanıtı yok (Fake Free)","https://www.letgo.com/item/yukluk-dolap-gardrop-surgulu-kapakldr-iid-1715725949"
"1724365065","4 kapaklı 3 çekmeceli gardırop dolap","2 TL","flagged","Yasaklı kelime: ""iletişime geçin""","https://www.letgo.com/item/4-kapakl-3-cekmeceli-gardrop-dolap-iid-1724365065"
"1723791420","Gardırop, Dolap","1 TL","flagged","Bedava kanıtı yok (Fake Free)","https://www.letgo.com/item/gardrop-dolap-iid-1723791420"
"1723615406","ACİL SATILIK VESTİYER, GARDIROP DOLAP, ŞİFONYER,","1 TL","flagged","Yasaklı kelime: ""satıyorum""","https://www.letgo.com/item/acil-satilik-vestiyer-gardirop-dolap-sifonyer-iid-1723615406"
"1724294780","5 adet dolap mevcut","1 TL","flagged","Bedava kanıtı yok (Fake Free)","https://www.letgo.com/item/5-adet-dolap-mevcut-iid-1724294780"
"1625995801","lake sürgülü dolap imaltdan","1 TL","flagged","Bedava kanıtı yok (Fake Free)","https://www.letgo.com/item/lake-surgulu-dolap-imaltdan-iid-1625995801"
"938289523","beyaz Gardırop","1 TL","flagged","Bedava kanıtı yok (Fake Free)","https://www.letgo.com/item/beyaz-gardrop-iid-938289523"
"932460279","lake beyaz köşe dolap","1 TL","flagged","Bedava kanıtı yok (Fake Free)","https://www.letgo.com/item/lake-beyaz-kose-dolap-iid-932460279"
"1630272742","Giysi Dolap , gardırop","1 TL","flagged","Ticari Satıcı: ""kredi kartı""","https://www.letgo.com/item/giysi-dolap-gardrop-iid-1630272742"
"1705523219","Toplu İlandır Teklif için ulaşabilirsiniz fiyat temsilidir","1 TL","flagged","Yasaklı kelime: ""fiyat temsili""","https://www.letgo.com/item/toplu-ilandr-teklif-icin-ulasabilirsiniz-fiyat-temsilidir-iid-1705523219"
"1716230382","DOLAP TAKIMI","1 TL","flagged","Bedava kanıtı yok (Fake Free)","https://www.letgo.com/item/dolap-takimi-iid-1716230382"
"943612076","Dolap özel ölçü yapılır","1 TL","flagged","Ticari Satıcı: ""özel ölçü""","https://www.letgo.com/item/dolap-ozel-olcu-yaplr-iid-943612076"
"1716269352","mdf gardroplar","1 TL","flagged","Bedava kanıtı yok (Fake Free)","https://www.letgo.com/item/mdf-gardroplar-iid-1716269352"
"1709315757","••İMALAT UYGUN FİYATA ÖLÇÜYE VE İSTEĞE GÖRE DOLAP YAPILIR••","1 TL","flagged","Bedava kanıtı yok (Fake Free)","https://www.letgo.com/item/imalat-uygun-fiyata-olcuye-ve-istege-gore-dolap-yapilir-iid-1709315757"
"1724365212","6 kapaklı dolap","2 TL","flagged","Yasaklı kelime: ""iletişime geçin""","https://www.letgo.com/item/6-kapakl-dolap-iid-1724365212"
"1709316945","ümraniye dolap kurulum montajı","1 TL","flagged","Ticari Satıcı: ""özel ölçü""","https://www.letgo.com/item/umraniye-dolap-kurulum-montaj-iid-1709316945"
"980045767","Dolap Montaj yapılır","1 TL","flagged","Bedava kanıtı yok (Fake Free)","https://www.letgo.com/item/dolap-montaj-yaplr-iid-980045767"
"1723959137","FUL MDF 6 KAPILI DOLAP","1 TL","flagged","Bedava kanıtı yok (Fake Free)","https://www.letgo.com/item/ful-mdf-6-kapili-dolap-iid-1723959137"
"1718793224","Dolap kapakları bütün detaylar açıklamada","1 TL","flagged","Bedava kanıtı yok (Fake Free)","https://www.letgo.com/item/dolap-kapaklar-butun-detaylar-acklamada-iid-1718793224"
"970448608","yatak odası dolap","1 TL","flagged","Ticari Satıcı: ""sipariş""","https://www.letgo.com/item/yatak-odas-dolap-iid-970448608"
"1714510512","AYNALI GARDOLAP","1 TL","flagged","Bedava kanıtı yok (Fake Free)","https://www.letgo.com/item/aynali-gardolap-iid-1714510512"
"1709894071","GARDOLAP","1 TL","flagged","Bedava kanıtı yok (Fake Free)","https://www.letgo.com/item/gardolap-iid-1709894071"
"1723274440","FUL MDF 6 KAPILI DOLAP","1 TL","flagged","Ticari Satıcı: ""taksit""","https://www.letgo.com/item/ful-mdf-6-kapili-dolap-iid-1723274440"
"1723007105","DOLAP","1 TL","flagged","Yasaklı kelime: ""satılık""","https://www.letgo.com/item/dolap-iid-1723007105"
"1722988425","FULL MDF❗6 KAPAKLI DOLAP❗","1 TL","flagged","Ticari Satıcı: ""kapıda ödeme""","https://www.letgo.com/item/full-mdf6-kapakli-dolap-iid-1722988425"
"1698517811","dolap ful mdf ürünler","1 TL","flagged","Ticari Satıcı: ""imalattan""","https://www.letgo.com/item/dolap-ful-mdf-urunler-iid-1698517811"
"1670708029","Dolap 3 kapakl yapılır 4 kapak yapılır 5 kapak ypaılır","1 TL","flagged","Ticari Satıcı: ""imalattan""","https://www.letgo.com/item/dolap-3-kapakl-yaplr-4-kapak-yaplr-5-kapak-ypalr-iid-1670708029"
"1693030673","dolap giysi ful mdf","1 TL","flagged","Ticari Satıcı: ""kapıda ödeme""","https://www.letgo.com/item/dolap-giysi-ful-mdf-iid-1693030673"
"1714446354","Dolap mdf ful","1 TL","flagged","Ticari Satıcı: ""imalattan""","https://www.letgo.com/item/dolap-mdf-ful-iid-1714446354"
"1706428903","dolap 4/5/6/8 kapaklı","1 TL","flagged","Ticari Satıcı: ""kapıda ödeme""","https://www.letgo.com/item/dolap-4568-kapakl-iid-1706428903"
"1707875021","dolap ful mdf ürün","1 TL","flagged","Ticari Satıcı: ""kapıda ödeme""","https://www.letgo.com/item/dolap-ful-mdf-urun-iid-1707875021"
"1713096204","dolap ful mdf ürün","1 TL","flagged","Ticari Satıcı: ""imalattan""","https://www.letgo.com/item/dolap-ful-mdf-urun-iid-1713096204"
"1692455123","%100 mdf dolap kapıda ödeme kişiye özel yapılır","1 TL","flagged","Ticari Satıcı: ""imalattan""","https://www.letgo.com/item/100-mdf-dolap-kapda-odeme-kisiye-ozel-yaplr-iid-1692455123"
"1645352094","Dolap, portmanto, vestiyer, yatak odası","1 TL","flagged","Ticari Satıcı: ""kredi kartı""","https://www.letgo.com/item/dolap-portmanto-vestiyer-yatak-odas-iid-1645352094"
"1712160570","MİNA EKO SERİSİ DOLAP ÖLÇÜLERİ3 Kapaklıların ölçüsü : G 115 Y 210 D 53","1 TL","flagged","Bedava kanıtı yok (Fake Free)","https://www.letgo.com/item/mina-eko-serisi-dolap-olculeri3-kapakllarn-olcusu-g-115-y-210-d-53-iid-1712160570"
"1717052383","2 KAPILI DOLAP | ART HOME MOBİLYA","1 TL","flagged","Ticari Satıcı: ""renk seçenekleri""","https://www.letgo.com/item/2-kapili-dolap-art-home-mobilya-iid-1717052383"
"1716408791","Mobilya dolapları açıklama kısımlarını okuyunuz","2 TL","flagged","Bedava kanıtı yok (Fake Free)","https://www.letgo.com/item/mobilya-dolaplar-acklama-ksmlarn-okuyunuz-iid-1716408791"
"1705476973","Mobilya dolapları açıklama kısımlarını okuyunuz","1 TL","flagged","Bedava kanıtı yok (Fake Free)","https://www.letgo.com/item/mobilya-dolaplar-acklama-ksmlarn-okuyunuz-iid-1705476973"
"1723873379","ücretsiz dolap","10 TL","flagged","Gerçekçi Olmayan Fiyat: 10 TL","https://www.letgo.com/item/ucretsiz-dolap-iid-1723873379"
"1701323922","sifir ozel Yapim dolap","45 TL","flagged","Gerçekçi Olmayan Fiyat: 45 TL","https://www.letgo.com/item/sifir-ozel-yapim-dolap-iid-1701323922"
"1721529076","toptan 50 parça sorunsuz modelli çamaşır makinesi","10 TL","flagged","Ticari Satıcı: ""toptan""","https://www.letgo.com/item/toptan-50-parca-sorunsuz-modelli-camasr-makinesi-iid-1721529076"
"1723368173","kücükcekmece sefakoy satlık çamaşır makinesi. yazin fiyati konuşalım","7 TL","flagged","Gerçekçi Olmayan Fiyat: 7 TL","https://www.letgo.com/item/kucukcekmece-sefakoy-satlk-camasr-makinesi-yazin-fiyati-konusalm-iid-1723368173"
"1723713674","Halı-kilim
","250 TL","flagged","Yasaklı kelime: ""adet fiyatı""","https://www.letgo.com/item/hal-kilim-iid-1723713674"
"1715329825","oval yıkanabilir halı
","250 TL","flagged","Yasaklı kelime: ""fiyatı ""","https://www.letgo.com/item/oval-ykanabilir-hal-iid-1715329825"
"1722357259","2 adet halı
","250 TL","flagged","Yasaklı kelime: ""fiyatı ""","https://www.letgo.com/item/2-adet-hal-iid-1722357259"
"1723322813","lokanta dış mekan masa ve sandelye
","1 TL","flagged","Yasaklı kelime: ""fiyatı ""","https://www.letgo.com/item/lokanta-ds-mekan-masa-ve-sandelye-iid-1723322813"
"1723870723","masa sandalye
","1 TL","flagged","Bedava kanıtı yok (Fake Free)","https://www.letgo.com/item/masa-sandalye-iid-1723870723"
"1723863733","masa sandalye
","1 TL","flagged","Bedava kanıtı yok (Fake Free)","https://www.letgo.com/item/masa-sandalye-iid-1723863733"
"1723722702","masa sandalye
","1 TL","flagged","Bedava kanıtı yok (Fake Free)","https://www.letgo.com/item/masa-sandalye-iid-1723722702"
"1723723291","masa sandalye
","1 TL","flagged","Bedava kanıtı yok (Fake Free)","https://www.letgo.com/item/masa-sandalye-iid-1723723291"
"1719322125","masa sandalye imalattan
","1 TL","flagged","Ticari Satıcı: ""imalattan""","https://www.letgo.com/item/masa-sandalye-imalattan-iid-1719322125"
"1719322157","masa sandalye imalattan
","1 TL","flagged","Ticari Satıcı: ""imalattan""","https://www.letgo.com/item/masa-sandalye-imalattan-iid-1719322157"
"1719322082","masa sandalye imalattan
","1 TL","flagged","Ticari Satıcı: ""imalattan""","https://www.letgo.com/item/masa-sandalye-imalattan-iid-1719322082"
"1719322226","masa sandalye imalattan
","1 TL","flagged","Ticari Satıcı: ""imalattan""","https://www.letgo.com/item/masa-sandalye-imalattan-iid-1719322226"
"1719322193","masa sandalye imalattan
","1 TL","flagged","Ticari Satıcı: ""imalattan""","https://www.letgo.com/item/masa-sandalye-imalattan-iid-1719322193"
"1719322262","masa sandalye imalattan renk seçenekleri mevcut
","1 TL","flagged","Ticari Satıcı: ""imalattan""","https://www.letgo.com/item/masa-sandalye-imalattan-renk-secenekleri-mevcut-iid-1719322262"
"1715669261","Ahşap masa sandalye takımı
","1 TL","flagged","Yasaklı kelime: ""fiyatı ""","https://www.letgo.com/item/ahsap-masa-sandalye-takm-iid-1715669261"
"1721346984","İMALATTAN MASA SANDALYE TAKIMI
","1 TL","flagged","Ticari Satıcı: ""toptan""","https://www.letgo.com/item/imalattan-masa-sandalye-takimi-iid-1721346984"
"1721345495","İMALATTAN SALON MASA SANDALYE
","1 TL","flagged","Ticari Satıcı: ""toptan""","https://www.letgo.com/item/imalattan-salon-masa-sandalye-iid-1721345495"
"1721345597","İMALATTAN BOHEM MASA SANDALYE
","1 TL","flagged","Ticari Satıcı: ""toptan""","https://www.letgo.com/item/imalattan-bohem-masa-sandalye-iid-1721345597"
"1720733974","Cafe Masa ve Sandalye Takımı
","1 TL","flagged","Ticari Satıcı: ""renk seçenekleri""","https://www.letgo.com/item/cafe-masa-ve-sandalye-takm-iid-1720733974"
"1721345384","İMALATTAN CAFE RESTAURANT MASA SANDALYE
","1 TL","flagged","Ticari Satıcı: ""toptan""","https://www.letgo.com/item/imalattan-cafe-restaurant-masa-sandalye-iid-1721345384"
"1682713188","Kafe büfe masa sandalye
","1 TL","flagged","Bedava kanıtı yok (Fake Free)","https://www.letgo.com/item/kafe-bufe-masa-sandalye-iid-1682713188"
"1722498037","ahşap masa sandalye sedir köşe takımı
","5 TL","flagged","Ticari Satıcı: ""imalattan""","https://www.letgo.com/item/ahsap-masa-sandalye-sedir-kose-takm-iid-1722498037"
"1718925668","koltuk masa sandalye
","5 TL","flagged","Ticari Satıcı: ""imalattan""","https://www.letgo.com/item/koltuk-masa-sandalye-iid-1718925668"
"1686489533","masa sandalye
","1 TL","flagged","Bedava kanıtı yok (Fake Free)","https://www.letgo.com/item/masa-sandalye-iid-1686489533"
"1686491508","masa sandalye
","1 TL","flagged","Ticari Satıcı: ""renk seçenekleri""","https://www.letgo.com/item/masa-sandalye-iid-1686491508"
"1709771177","masa sandalye
","3 TL","flagged","Ticari Satıcı: ""toptan""","https://www.letgo.com/item/masa-sandalye-iid-1709771177"
"1709548841","masa sandalye
","1 TL","flagged","Bedava kanıtı yok (Fake Free)","https://www.letgo.com/item/masa-sandalye-iid-1709548841"
"1708888827","masa sandalye
","1 TL","flagged","Bedava kanıtı yok (Fake Free)","https://www.letgo.com/item/masa-sandalye-iid-1708888827"
"1675964792","Masa sandalye
","1 TL","flagged","Bedava kanıtı yok (Fake Free)","https://www.letgo.com/item/masa-sandalye-iid-1675964792"
"1682800223","Masa sandalye
","1 TL","flagged","Bedava kanıtı yok (Fake Free)","https://www.letgo.com/item/masa-sandalye-iid-1682800223"
"1712560143","MASA SANDALYE YEMEK TAKIMI
","1 TL","flagged","Bedava kanıtı yok (Fake Free)","https://www.letgo.com/item/masa-sandalye-yemek-takimi-iid-1712560143"
"1686491728","masa sandalye
","1 TL","flagged","Bedava kanıtı yok (Fake Free)","https://www.letgo.com/item/masa-sandalye-iid-1686491728"
"1686491569","masa sandalye
","1 TL","flagged","Ticari Satıcı: ""renk seçenekleri""","https://www.letgo.com/item/masa-sandalye-iid-1686491569"
"1656253037","Masa sandalye takımı
","1 TL","flagged","Bedava kanıtı yok (Fake Free)","https://www.letgo.com/item/masa-sandalye-takm-iid-1656253037"
"1703002278","sağlam Bar tarzı masa sandalye
","1 TL","flagged","Bedava kanıtı yok (Fake Free)","https://www.letgo.com/item/saglam-bar-tarz-masa-sandalye-iid-1703002278"
"1708070714","masa sandalye takımı
","1 TL","flagged","Bedava kanıtı yok (Fake Free)","https://www.letgo.com/item/masa-sandalye-takm-iid-1708070714"
"1708077565","masa sandalye takımı
","1 TL","flagged","Bedava kanıtı yok (Fake Free)","https://www.letgo.com/item/masa-sandalye-takm-iid-1708077565"
"1707848084","toptan masa sandalye
","1 TL","flagged","Ticari Satıcı: ""toptan""","https://www.letgo.com/item/toptan-masa-sandalye-iid-1707848084"
"1720284320","köşe koltuk ve masa sandalye
","1 TL","flagged","Bedava kanıtı yok (Fake Free)","https://www.letgo.com/item/kose-koltuk-ve-masa-sandalye-iid-1720284320"
"1707506773","bistro masa sandalye modelleri
","1 TL","flagged","Bedava kanıtı yok (Fake Free)","https://www.letgo.com/item/bistro-masa-sandalye-modelleri-iid-1707506773"
"1722228395","fincan mermer masa sandalye takımı
","1 TL","flagged","Bedava kanıtı yok (Fake Free)","https://www.letgo.com/item/fincan-mermer-masa-sandalye-takm-iid-1722228395"
"1709136210","plastik rattan masa sandalye takımı
","1 TL","flagged","Bedava kanıtı yok (Fake Free)","https://www.letgo.com/item/plastik-rattan-masa-sandalye-takm-iid-1709136210"
"1718637327","masa sandalye
","1 TL","flagged","Bedava kanıtı yok (Fake Free)","https://www.letgo.com/item/masa-sandalye-iid-1718637327"
"1709222184","okey masa sandalye
","1 TL","flagged","Bedava kanıtı yok (Fake Free)","https://www.letgo.com/item/okey-masa-sandalye-iid-1709222184"
"1708858534","masa sandalye takımı
","1 TL","flagged","Bedava kanıtı yok (Fake Free)","https://www.letgo.com/item/masa-sandalye-takm-iid-1708858534"
"1722435447","karen sandalye mdf masa takımı
","1 TL","flagged","Bedava kanıtı yok (Fake Free)","https://www.letgo.com/item/karen-sandalye-mdf-masa-takm-iid-1722435447"
"1723860444","MONAKO SANDALYE MERMER MASA MODELİ
","1 TL","flagged","Bedava kanıtı yok (Fake Free)","https://www.letgo.com/item/monako-sandalye-mermer-masa-modeli-iid-1723860444"
"1709346323","mermer masa sandalye takımı
","1 TL","flagged","Bedava kanıtı yok (Fake Free)","https://www.letgo.com/item/mermer-masa-sandalye-takm-iid-1709346323"
"1722073582","okey masa sandalye takımı
","1 TL","flagged","Bedava kanıtı yok (Fake Free)","https://www.letgo.com/item/okey-masa-sandalye-takm-iid-1722073582"
"1686631521","İmalattan Toplantı Odası Masa Ve Sandalye Takımı
","2 TL","flagged","Ticari Satıcı: ""üretici""","https://www.letgo.com/item/imalattan-toplant-odas-masa-ve-sandalye-takm-iid-1686631521"
"1722851563","ptt masa sandalye
","5 TL","flagged","Ticari Satıcı: ""imalattan""","https://www.letgo.com/item/ptt-masa-sandalye-iid-1722851563"
"1723749902","polo sandalye mermer masa modeli
","1 TL","flagged","Bedava kanıtı yok (Fake Free)","https://www.letgo.com/item/polo-sandalye-mermer-masa-modeli-iid-1723749902"
"1711506358","Tertemiz Masa ve Sandalye Takımı
","1 TL","flagged","Bedava kanıtı yok (Fake Free)","https://www.letgo.com/item/tertemiz-masa-ve-sandalye-takm-iid-1711506358"
"1656250170","Masa sandalye
","1 TL","flagged","Bedava kanıtı yok (Fake Free)","https://www.letgo.com/item/masa-sandalye-iid-1656250170"
"837757243","Masa sandalye tak?m kahve
","1 TL","flagged","Yasaklı kelime: ""satılık""","https://www.letgo.com/item/masa-sandalye-takm-kahve-iid-837757243"
"1723365952","masa sandalye
","1 TL","flagged","Bedava kanıtı yok (Fake Free)","https://www.letgo.com/item/masa-sandalye-iid-1723365952"
"1724025026","SEVGİ PERDE
","1 TL","flagged","Bedava kanıtı yok (Fake Free)","https://www.letgo.com/item/sevgi-perde-iid-1724025026"
"1724026393","çalışır çamaşır makinesi
","1 TL","flagged","Bedava kanıtı yok (Fake Free)","https://www.letgo.com/item/calsr-camasr-makinesi-iid-1724026393"
"1702412924","Ciddi Aliciysan Yaz Bulasik Camasir Makinesi Kirec Kirici Aparat
","500 TL","flagged","Yasaklı kelime: ""elden teslim""","https://www.letgo.com/item/ciddi-aliciysan-yaz-bulasik-camasir-makinesi-kirec-kirici-aparat-iid-1702412924"
"1724009374","ARIZALI Wd8122cvd Samsung çamaşır makinesi
","1 TL","flagged","Yasaklı kelime: ""satılık""","https://www.letgo.com/item/arizali-wd8122cvd-samsung-camasr-makinesi-iid-1724009374"
"1695825151","PERGE YATAK ODASI TAKIMI YATAK BAZA DAHİL
","1 TL","flagged","Ticari Satıcı: ""kredi kartı""","https://www.letgo.com/item/perge-yatak-odasi-takimi-yatak-baza-dahil-iid-1695825151"
"1723625477","tek kişilik yatak. baza başlık olarak
","1 TL","flagged","Bedava kanıtı yok (Fake Free)","https://www.letgo.com/item/tek-kisilik-yatak-baza-baslk-olarak-iid-1723625477"
"1723882275","yatak odası takımı
","1 TL","flagged","Bedava kanıtı yok (Fake Free)","https://www.letgo.com/item/yatak-odas-takm-iid-1723882275"
"1723855403","yatak odası takımı
","1 TL","flagged","Bedava kanıtı yok (Fake Free)","https://www.letgo.com/item/yatak-odas-takm-iid-1723855403"
"1722174011","Tek kişilik yatak baza
","1 TL","flagged","Bedava kanıtı yok (Fake Free)","https://www.letgo.com/item/tek-kisilik-yatak-baza-iid-1722174011"
"1703422141","baza başlık yatak
","1 TL","flagged","Yasaklı kelime: ""000 tl""","https://www.letgo.com/item/baza-baslk-yatak-iid-1703422141"
"1723866659","baza yatak başlık 4 lü dolap
","1 TL","flagged","Bedava kanıtı yok (Fake Free)","https://www.letgo.com/item/baza-yatak-baslk-4-lu-dolap-iid-1723866659"
"1722121659","sıfır baza yatak baslık 4 lü dolap
","1 TL","flagged","Bedava kanıtı yok (Fake Free)","https://www.letgo.com/item/sfr-baza-yatak-baslk-4-lu-dolap-iid-1722121659"
"1719879772","yatak , baza , başlık .
","1 TL","flagged","Ticari Satıcı: ""sipariş""","https://www.letgo.com/item/yatak-baza-baslk-iid-1719879772"
"1695825207","YATAK ODASI TAKIMI YATAK BAZA DAHİL
","1 TL","flagged","Ticari Satıcı: ""kredi kartı""","https://www.letgo.com/item/yatak-odasi-takimi-yatak-baza-dahil-iid-1695825207"
"1723862010","meşrubat buzdolabı
","1 TL","flagged","Bedava kanıtı yok (Fake Free)","https://www.letgo.com/item/mesrubat-buzdolab-iid-1723862010"
"1723881876","koltuk takımı oturma gurubu
","1 TL","flagged","Bedava kanıtı yok (Fake Free)","https://www.letgo.com/item/koltuk-takm-oturma-gurubu-iid-1723881876"
"1723881730","koltuk takımı oturma gurubu
","1 TL","flagged","Yasaklı kelime: ""iletişime geçin""","https://www.letgo.com/item/koltuk-takm-oturma-gurubu-iid-1723881730"
"1709333262","vera koltuk takımı
","1 TL","flagged","Ticari Satıcı: ""mağaza""","https://www.letgo.com/item/vera-koltuk-takm-iid-1709333262"
"1709333486","arya koltuk takımı
","1 TL","flagged","Ticari Satıcı: ""mağaza""","https://www.letgo.com/item/arya-koltuk-takm-iid-1709333486"
"1723971326","düğün paketi koltuk yatak odası takımı
","1 TL","flagged","Yasaklı kelime: ""iletişime geçin""","https://www.letgo.com/item/dugun-paketi-koltuk-yatak-odas-takm-iid-1723971326"
"1721518441","SALON KOLTUK TAKIMI
","10 TL","flagged","Gerçekçi Olmayan Fiyat: 10 TL","https://www.letgo.com/item/salon-koltuk-takimi-iid-1721518441"
"1708212701","bois koltuk takımı
","1 TL","flagged","Ticari Satıcı: ""mağaza""","https://www.letgo.com/item/bois-koltuk-takm-iid-1708212701"
"1723377951","L köşe koltuk, Ev Eşyası, Nakliye, Koltuk Takımı
","22 TL","flagged","Yasaklı kelime: ""bin tl""","https://www.letgo.com/item/l-kose-koltuk-ev-esyas-nakliye-koltuk-takm-iid-1723377951"
"1629744568","İmalattan koltuk takımı
","1 TL","flagged","Bedava kanıtı yok (Fake Free)","https://www.letgo.com/item/imalattan-koltuk-takm-iid-1629744568"
"1723904355","koltuk takımı
","1 TL","flagged","Bedava kanıtı yok (Fake Free)","https://www.letgo.com/item/koltuk-takm-iid-1723904355"
"1627933505","İmalattan koltuk takımı
","1 TL","flagged","Bedava kanıtı yok (Fake Free)","https://www.letgo.com/item/imalattan-koltuk-takm-iid-1627933505"
"1693606230","koltuk takimi
","1 TL","flagged","Bedava kanıtı yok (Fake Free)","https://www.letgo.com/item/koltuk-takimi-iid-1693606230"
"1693670675","koltuk takimi
","1 TL","flagged","Bedava kanıtı yok (Fake Free)","https://www.letgo.com/item/koltuk-takimi-iid-1693670675"
"1698992492","koltuk takimi
","1 TL","flagged","Ticari Satıcı: ""renk seçenekleri""","https://www.letgo.com/item/koltuk-takimi-iid-1698992492"
"1711568884","koltuk takımı
","1 TL","flagged","Bedava kanıtı yok (Fake Free)","https://www.letgo.com/item/koltuk-takm-iid-1711568884"
"1700600610","koltuk takimi
","1 TL","flagged","Bedava kanıtı yok (Fake Free)","https://www.letgo.com/item/koltuk-takimi-iid-1700600610"
"1695765334","koltuk takimi
","1 TL","flagged","Bedava kanıtı yok (Fake Free)","https://www.letgo.com/item/koltuk-takimi-iid-1695765334"
"1699450350","koltuk takimi
","1 TL","flagged","Ticari Satıcı: ""renk seçenekleri""","https://www.letgo.com/item/koltuk-takimi-iid-1699450350"
"1698790632","koltuk takimi
","1 TL","flagged","Bedava kanıtı yok (Fake Free)","https://www.letgo.com/item/koltuk-takimi-iid-1698790632"
"1697511206","koltuk takimi
","1 TL","flagged","Ticari Satıcı: ""renk seçenekleri""","https://www.letgo.com/item/koltuk-takimi-iid-1697511206"
"1697866702","koltuk takimi
","1 TL","flagged","Ticari Satıcı: ""renk seçenekleri""","https://www.letgo.com/item/koltuk-takimi-iid-1697866702"
"1722618440","Fasulye Koltuk Takımı
","1 TL","flagged","Bedava kanıtı yok (Fake Free)","https://www.letgo.com/item/fasulye-koltuk-takm-iid-1722618440"
"1720125079","koltuk takımı
","1 TL","flagged","Yasaklı kelime: ""elden teslim""","https://www.letgo.com/item/koltuk-takm-iid-1720125079"
"1723865996","koltuk takımı
","3 TL","flagged","Bedava kanıtı yok (Fake Free)","https://www.letgo.com/item/koltuk-takm-iid-1723865996"
"1722363000","Fasulye Koltuk Takımı
","1 TL","flagged","Bedava kanıtı yok (Fake Free)","https://www.letgo.com/item/fasulye-koltuk-takm-iid-1722363000"
"1716557628","Koltuk Cekyat Takimi
","1 TL","flagged","Bedava kanıtı yok (Fake Free)","https://www.letgo.com/item/koltuk-cekyat-takimi-iid-1716557628"
"1723791670","Antika Koltuk
","1 TL","flagged","Yasaklı kelime: ""satıyorum""","https://www.letgo.com/item/antika-koltuk-iid-1723791670"
"1723439660","koltuk
","1 TL","flagged","Bedava kanıtı yok (Fake Free)","https://www.letgo.com/item/koltuk-iid-1723439660"
"1722244419","Fasulye Koltuk Takımı
","1 TL","flagged","Bedava kanıtı yok (Fake Free)","https://www.letgo.com/item/fasulye-koltuk-takm-iid-1722244419"
"1695765271","koltuk takimi 3+3+1
","1 TL","flagged","Bedava kanıtı yok (Fake Free)","https://www.letgo.com/item/koltuk-takimi-331-iid-1695765271"
"1707470654","Satılık Koltuk Takımı
","1 TL","flagged","Yasaklı kelime: ""satılık""","https://www.letgo.com/item/satlk-koltuk-takm-iid-1707470654"
"1722362824","Fasulye Koltuk Takımı
","1 TL","flagged","Bedava kanıtı yok (Fake Free)","https://www.letgo.com/item/fasulye-koltuk-takm-iid-1722362824"
"1716348735","KOLTUK TAKIMI
","1 TL","flagged","Bedava kanıtı yok (Fake Free)","https://www.letgo.com/item/koltuk-takimi-iid-1716348735"
"1640060570","Koltuk takımı
","1 TL","flagged","Bedava kanıtı yok (Fake Free)","https://www.letgo.com/item/koltuk-takm-iid-1640060570"
"1723754167","koltuk takımı
","1 TL","flagged","Bedava kanıtı yok (Fake Free)","https://www.letgo.com/item/koltuk-takm-iid-1723754167"
"1723866575","koltuk takımı 4 parca
","1 TL","flagged","Bedava kanıtı yok (Fake Free)","https://www.letgo.com/item/koltuk-takm-4-parca-iid-1723866575"
"1723718575","koltuk takımı
","1 TL","flagged","Bedava kanıtı yok (Fake Free)","https://www.letgo.com/item/koltuk-takm-iid-1723718575"
"1629745361","İmalattan koltuk takımı
","1 TL","flagged","Bedava kanıtı yok (Fake Free)","https://www.letgo.com/item/imalattan-koltuk-takm-iid-1629745361"
"1723299461","KAPORASIZ KAPİDA ÖDEME KOLTUK TAKİMİ
","1 TL","flagged","Ticari Satıcı: ""renk seçenekleri""","https://www.letgo.com/item/kaporasiz-kapida-odeme-koltuk-takimi-iid-1723299461"
"1718007105","koltuk takımı ilan süresi son 1 alan aldı
","1 TL","flagged","Yasaklı kelime: ""bin tl""","https://www.letgo.com/item/koltuk-takm-ilan-suresi-son-1-alan-ald-iid-1718007105"
"1721631536","koltuk takımı
","1 TL","flagged","Ticari Satıcı: ""imalattan""","https://www.letgo.com/item/koltuk-takm-iid-1721631536"
"1680553027","Holiday Amazon Koltuk Takımı Bahçe Balkon Teras Cafe vs
","1 TL","flagged","Bedava kanıtı yok (Fake Free)","https://www.letgo.com/item/holiday-amazon-koltuk-takm-bahce-balkon-teras-cafe-vs-iid-1680553027"
"1721432560","Let ışıklı dolap
","1 TL","flagged","Bedava kanıtı yok (Fake Free)","https://www.letgo.com/item/let-skl-dolap-iid-1721432560"